{"cameraMode":{"drawMode":0,"name":"Shaded","section":"Shading Mode"},"sceneLighting":true,"audioPlay":false,"sceneViewState":{"m_AlwaysRefresh":false,"showFog":true,"showSkybox":true,"showFlares":true,"showImageEffects":true,"showParticleSystems":true,"showVisualEffectGraphs":true,"m_FxEnabled":true},"in2DMode":false,"pivot":{"x":-0.07821968197822571,"y":0.116246797144413,"z":-0.028126923367381097},"rotation":{"x":-0.05877300724387169,"y":0.00958045944571495,"z":-0.0005639413138851523,"w":-0.998226523399353},"size":5.21929931640625,"orthographic":true}