{"cameraMode":{"drawMode":0,"name":"Shaded","section":"Shading Mode"},"sceneLighting":false,"audioPlay":false,"sceneViewState":{"m_AlwaysRefresh":false,"showFog":true,"showSkybox":false,"showFlares":true,"showImageEffects":true,"showParticleSystems":true,"showVisualEffectGraphs":true,"m_FxEnabled":true},"in2DMode":false,"pivot":{"x":-0.08931803703308106,"y":-0.12197065353393555,"z":-0.03564465045928955},"rotation":{"x":-0.21755629777908326,"y":-0.000881192390806973,"z":0.00019648342276923358,"w":-0.9760500192642212},"size":2.3594717979431154,"orthographic":true}